Time,Value,anomaly_score
2017-01-01 00:00:00,3.0,
2017-01-01 00:05:00,1.572557996,
2017-01-01 00:10:00,1.873180789,
2017-01-01 00:15:00,1.361140499,
2017-01-01 00:20:00,1.408474592,
2017-01-01 00:25:00,1.908858466,
2017-01-01 00:30:00,0.471415979,
2017-01-01 00:35:00,-0.755086548,
2017-01-01 00:40:00,-1.636672814,
2017-01-01 00:45:00,-0.663525005,
2017-01-01 00:50:00,-1.283220386,
2017-01-01 00:55:00,-1.536989834,
2017-01-01 01:00:00,-2.287678589,
2017-01-01 01:05:00,-2.98328352,
2017-01-01 01:10:00,-2.489978695,
2017-01-01 01:15:00,-2.149972807,
2017-01-01 01:20:00,-1.724638771,
2017-01-01 01:25:00,-1.737807529,
2017-01-01 01:30:00,-1.916641534,
2017-01-01 01:35:00,-1.511602214,
2017-01-01 01:40:00,-3.861417623,
2017-01-01 01:45:00,-4.286051887,
2017-01-01 01:50:00,-6.5526606670000005,
2017-01-01 01:55:00,-6.822825647,
2017-01-01 02:00:00,-5.78865817,
2017-01-01 02:05:00,-6.900170274,
2017-01-01 02:10:00,-7.084310195,
2017-01-01 02:15:00,-6.900402904,
2017-01-01 02:20:00,-6.241356412999999,
2017-01-01 02:25:00,-5.662133785,
2017-01-01 02:30:00,-4.717392512,
2017-01-01 02:35:00,-3.847147625,
2017-01-01 02:40:00,-3.34980932,
2017-01-01 02:45:00,-1.7959647719999998,1.3787308892244932
2017-01-01 02:50:00,-0.6973090959999999,1.0497816120613293
2017-01-01 02:55:00,-3.00631945,4.153949020137787
2017-01-01 03:00:00,-4.1671328339999985,0.8350983376662156
2017-01-01 03:05:00,-2.9948904030000003,0.6735847780160644
2017-01-01 03:10:00,-2.492942383,0.18593237292284448
2017-01-01 03:15:00,-1.6098910219999998,1.0628693883045435
2017-01-01 03:20:00,-1.158002486,6.227535185207698e-05
2017-01-01 03:25:00,-1.119320073,0.08947964949898174
2017-01-01 03:30:00,-1.782168406,0.5571976362367658
2017-01-01 03:35:00,-0.643166086,0.7674013872227516
2017-01-01 03:40:00,0.171615848,0.6135769070970254
2017-01-01 03:45:00,-1.527701819,3.346024791855624
2017-01-01 03:50:00,-1.246001696,1.848976907300938e-05
2017-01-01 03:55:00,-0.742437789,0.012853291772381596
2017-01-01 04:00:00,-0.018187494,0.5549758695182737
2017-01-01 04:05:00,-0.442905838,1.860560666222135e-05
2017-01-01 04:10:00,0.337204466,0.15912918608816143
2017-01-01 04:15:00,-1.163590359,2.528034824590548
2017-01-01 04:20:00,-0.427106834,0.21219801507491887
2017-01-01 04:25:00,-0.778978249,0.0030229888256541808
2017-01-01 04:30:00,-0.142849346,0.3587468662316403
2017-01-01 04:35:00,-1.320552179,1.6020549691244692
2017-01-01 04:40:00,-1.291313813,0.00025230291279661074
2017-01-01 04:45:00,-0.6067709689999999,0.3034109691290058
2017-01-01 04:50:00,-0.27690426,0.08638936263692075
2017-01-01 04:55:00,1.279578032,2.251669582405245
2017-01-01 05:00:00,1.503247484,3.0435395343521086e-05
2017-01-01 05:05:00,3.513332812,2.5930126802544207
2017-01-01 05:10:00,3.03558711,0.37314574897977215
2017-01-01 05:15:00,4.460886777,1.714222504653138
2017-01-01 05:20:00,4.729416506000001,0.0006347087694745433
2017-01-01 05:25:00,4.411581075,0.18309750001692943
2017-01-01 05:30:00,6.159035012,2.7949212059995965
2017-01-01 05:35:00,6.911978359,0.4050233323037418
2017-01-01 05:40:00,7.248163201,0.004650893926827409
2017-01-01 05:45:00,4.660380552,5.290660715805693
2017-01-01 05:50:00,4.154116768,0.11584264725023141
2017-01-01 05:55:00,4.308467992,0.001370607556395132
2017-01-01 06:00:00,3.951669967,0.005315005427912542
2017-01-01 06:05:00,3.4044675860000004,0.10952739739176445
2017-01-01 06:10:00,5.940876378,3.590160050792475
2017-01-01 06:15:00,6.541364845,0.007620282534170945
2017-01-01 06:20:00,5.447270587,1.3700800675349436
2017-01-01 06:25:00,5.414233172,0.00020340298984996479
2017-01-01 06:30:00,5.887241171,0.092731854242931
2017-01-01 06:35:00,4.714152058,0.5011730053070825
2017-01-01 06:40:00,4.810131059,9.707295736319112e-05
2017-01-01 06:45:00,2.889944179,3.9301595127599427
2017-01-01 06:50:00,2.934693836,0.10823043068680117
2017-01-01 06:55:00,2.309352028,0.011793009196373263
2017-01-01 07:00:00,2.966319735,0.33812552543173974
2017-01-01 07:05:00,4.910213801,3.089097477866035
2017-01-01 07:10:00,5.672964285,0.6211669096758812
2017-01-01 07:15:00,5.880552129,4.6402994579842685e-05
2017-01-01 07:20:00,7.726974537,1.2446036946455439
2017-01-01 07:25:00,7.148924207,0.31946721358320845
2017-01-01 07:30:00,6.915273703,0.0003877898984808142
2017-01-01 07:35:00,8.366997782,2.405666470490872
2017-01-01 07:40:00,9.362222552,0.21271080883436297
2017-01-01 07:45:00,8.561268645,0.06475475105613823
2017-01-01 07:50:00,9.283431297,0.6006323785119284
2017-01-01 07:55:00,8.757402535,0.3106046424842745
2017-01-01 08:00:00,7.425725625,1.5119977363952997
2017-01-01 08:05:00,5.998595039,1.07315425047836
2017-01-01 08:10:00,5.948217187999999,0.016190962100130064
2017-01-01 08:15:00,6.796695349,0.35862416154759325
2017-01-01 08:20:00,6.426998291,0.07224477892041953
2017-01-01 08:25:00,5.274375194,2.0811173732371127
2017-01-01 08:30:00,5.18623576,0.08026959730267932
2017-01-01 08:35:00,6.122157128,0.7871057200766419
2017-01-01 08:40:00,5.681646497999999,0.14282973738851204
2017-01-01 08:45:00,5.149359898,0.2077768895818087
2017-01-01 08:50:00,3.170749706,4.416294415425517
2017-01-01 08:55:00,3.774373476,0.31371363779672395
2017-01-01 09:00:00,3.266413584,0.020941330323671885
2017-01-01 09:05:00,2.543597702,0.4007183745982707
2017-01-01 09:10:00,1.652313339,0.35269203066551996
2017-01-01 09:15:00,1.582071007,0.004903565263832054
2017-01-01 09:20:00,0.824020422,0.26080609961057355
2017-01-01 09:25:00,-0.490757644,1.749776730201366
2017-01-01 09:30:00,-1.662219039,0.3689426858510451
2017-01-01 09:35:00,-1.256104223,0.23293511543158513
2017-01-01 09:40:00,-0.904034945,0.02303636056358377
2017-01-01 09:45:00,-0.445449896,0.027245781108462108
2017-01-01 09:50:00,1.191751876,2.6852015794320097
2017-01-01 09:55:00,0.6774094409999999,0.06754353945394871
2017-01-01 10:00:00,1.132580234,0.1016565518269352
2017-01-01 10:05:00,1.945861364,0.13094850520404563
2017-01-01 10:10:00,1.63906492,5.132469510965666e-07
2017-01-01 10:15:00,2.971817633,2.2504472640786983
2017-01-01 10:20:00,3.436849891,0.11731723770745099
2017-01-01 10:25:00,4.252671243,0.20229979840562146
2017-01-01 10:30:00,4.499254711,0.011445677104363087
2017-01-01 10:35:00,4.99183359,0.1160409896385826
2017-01-01 10:40:00,4.541233818,0.04395915949652982
2017-01-01 10:45:00,6.527680478,3.000833218481469
2017-01-01 10:50:00,7.916216715,1.2034130167746915
2017-01-01 10:55:00,7.138152932000001,0.9144285908568351
2017-01-01 11:00:00,8.787823861,2.1307695838225005
2017-01-01 11:05:00,9.079240188,0.0010396805716195196
2017-01-01 11:10:00,9.782266432,0.1620406351528879
2017-01-01 11:15:00,10.52753701,0.3467245769834549
2017-01-01 11:20:00,11.39478564,0.14891933686291942
2017-01-01 11:25:00,10.63924955,0.529840439871715
2017-01-01 11:30:00,12.44002462,2.4696841740916144
2017-01-01 11:35:00,11.85444015,0.6673505986505103
2017-01-01 11:40:00,11.88214645,6.0158544579100147e-05
2017-01-01 11:45:00,10.77101256,0.5629463300807347
2017-01-01 11:50:00,10.59680385,0.13645001664212292
2017-01-01 11:55:00,12.47710813,2.4091549713729425
2017-01-01 12:00:00,12.57958678,0.007444830091501415
2017-01-01 12:05:00,11.42728319,1.0383541183665084
2017-01-01 12:10:00,10.52113645,0.7674755944125942
2017-01-01 12:15:00,10.720129,1.2035046687357169e-05
2017-01-01 12:20:00,11.52835961,0.36463429831253363
2017-01-01 12:25:00,13.47214555,2.784692399616503
2017-01-01 12:30:00,13.19504119,0.048601659785570524
2017-01-01 12:35:00,14.41590125,0.43005867405830417
2017-01-01 12:40:00,14.38933414,0.0034882965952554314
2017-01-01 12:45:00,12.84541143,1.7231212926912276
2017-01-01 12:50:00,14.35795976,1.9411803182669045
2017-01-01 12:55:00,14.24827175,0.004392964119142714
2017-01-01 13:00:00,14.46149071,0.012266292792710999
2017-01-01 13:05:00,16.04592069,1.2234060877574437
2017-01-01 13:10:00,15.57088876,0.08103706013860189
2017-01-01 13:15:00,15.37865912,9.95351363489864e-05
2017-01-01 13:20:00,15.78907703,0.0020031048092018205
2017-01-01 13:25:00,15.43589478,0.24829029643512257
2017-01-01 13:30:00,15.53109774,6.166374476048715e-05
2017-01-01 13:35:00,17.01506309,1.77767778206998
2017-01-01 13:40:00,17.82293052,0.07563778835075392
2017-01-01 13:45:00,19.13313681,0.5713088819355873
2017-01-01 13:50:00,20.79298173,1.965371748206721
2017-01-01 13:55:00,20.94191294,0.00025049761348597396
2017-01-01 14:00:00,21.10067716,6.691644738952149e-05
2017-01-01 14:05:00,22.13597383,0.37784011837652587
2017-01-01 14:10:00,22.44381287,0.039646771333262464
2017-01-01 14:15:00,21.83931751,0.21764915523306871
2017-01-01 14:20:00,21.8743891,7.494156647141992e-06
2017-01-01 14:25:00,22.41503765,0.00042492623969209067
2017-01-01 14:30:00,21.53690288,0.14271415063760554
2017-01-01 14:35:00,20.91483069,0.18791020283402413
2017-01-01 14:40:00,20.85482132,0.02306015709225587
2017-01-01 14:45:00,21.73809378,0.8778769855241495
2017-01-01 14:50:00,20.66795429,1.2869218109936735
2017-01-01 14:55:00,21.52908945,0.03928615838843637
2017-01-01 15:00:00,23.01914349,1.177259763743899
2017-01-01 15:05:00,22.03349028,0.7560157080006865
2017-01-01 15:10:00,23.46556265,1.120470483867274
2017-01-01 15:15:00,24.99492599,1.2739925339604345
2017-01-01 15:20:00,24.52395801,0.07685386832972321
2017-01-01 15:25:00,24.05212088,0.02831089221611031
2017-01-01 15:30:00,23.63611255,0.04152821973663227
2017-01-01 15:35:00,23.24090574,0.06728334889683807
2017-01-01 15:40:00,23.03797775,0.00685456899094085
2017-01-01 15:45:00,21.3617767,1.6914855489224
2017-01-01 15:50:00,22.05547932,0.2973077623101219
2017-01-01 15:55:00,23.26093223,1.0857508539611693
2017-01-01 16:00:00,22.53343471,0.3212122134896156
2017-01-01 16:05:00,22.35159245,0.006263178783015975
2017-01-01 16:10:00,22.32667126,0.0345314960181534
2017-01-01 16:15:00,21.12384191,0.9717187789987651
2017-01-01 16:20:00,22.18663003,1.1969693693090946
2017-01-01 16:25:00,20.81621179,2.0333654361051736
2017-01-01 16:30:00,19.22401837,1.9811293413607405
2017-01-01 16:35:00,18.00961647,0.4705879523731837
2017-01-01 16:40:00,17.19603717,0.2879922848612316
2017-01-01 16:45:00,17.71476817,0.18774525186673185
2017-01-01 16:50:00,20.24434263,7.589922321487646
2017-01-01 16:55:00,20.01833599,1.0357150927153709e-05
2017-01-01 17:00:00,21.03882655,0.15365314526654983
2017-01-01 17:05:00,22.70304318,1.8313021481696163
2017-01-01 17:10:00,21.94507182,0.43118074120229694
2017-01-01 17:15:00,22.84438436,1.1678295286510887
2017-01-01 17:20:00,22.83654737,0.0036100248732321466
2017-01-01 17:25:00,22.80297581,1.5457926179597396e-05
2017-01-01 17:30:00,21.74497251,0.5793292773478677
2017-01-01 17:35:00,23.11139989,2.291709776173292
2017-01-01 17:40:00,24.45097633,1.87360048110281
2017-01-01 17:45:00,24.81173955,0.18608781406909192
2017-01-01 17:50:00,25.77866205,0.4716828317491506
2017-01-01 17:55:00,26.50196579,0.0016172124538882066
2017-01-01 18:00:00,25.45832642,0.8797378688889309
2017-01-01 18:05:00,25.56127033,0.00010840852692133284
2017-01-01 18:10:00,26.94882491,0.535102605532041
2017-01-01 18:15:00,27.64820709,0.2681459211881132
2017-01-01 18:20:00,27.91347866,0.05326042786595538
2017-01-01 18:25:00,26.30072233,2.796223731535726
2017-01-01 18:30:00,26.01342011,0.0025531579882803594
2017-01-01 18:35:00,27.81195653,3.443026073072245
2017-01-01 18:40:00,29.37284141,1.9681785296880359
2017-01-01 18:45:00,29.68712899,0.0034768175168053703
2017-01-01 18:50:00,28.12380618,3.0271886234194927
2017-01-01 18:55:00,29.85902334,1.4988241970455343
2017-01-01 19:00:00,28.72781306,0.8952192537513852
2017-01-01 19:05:00,27.28519508,1.781533439731439
2017-01-01 19:10:00,28.27913899,1.1908063366500028
2017-01-01 19:15:00,28.12367634,0.00016418788146622043
2017-01-01 19:20:00,27.6675314,0.01407955819006978
2017-01-01 19:25:00,26.60760741,1.171254854598915
2017-01-01 19:30:00,25.97256352,0.031796205811744714
2017-01-01 19:35:00,25.76226693,0.019291892905048534
2017-01-01 19:40:00,27.49738167,1.8972074524105953
2017-01-01 19:45:00,28.32981223,0.09439666561290846
2017-01-01 19:50:00,28.60441993,0.01761740756340922
2017-01-01 19:55:00,30.8341332,4.586312065620273
2017-01-01 20:00:00,32.07543663,0.5515616799634088
2017-01-01 20:05:00,31.83711659,0.07833808362216986
2017-01-01 20:10:00,31.74700231,6.537861116226468e-06
2017-01-01 20:15:00,31.14607397,0.0089759534523381
2017-01-01 20:20:00,30.599142800000006,0.006787251651638444
2017-01-01 20:25:00,28.42683395,3.7613229139653037
2017-01-01 20:30:00,29.14244355,0.5106880082875226
2017-01-01 20:35:00,27.08567141,2.4084205523865503
2017-01-01 20:40:00,28.65693249,2.824107103317688
2017-01-01 20:45:00,28.08913179,0.5258028054920596
2017-01-01 20:50:00,27.92763204,0.001550799027601552
2017-01-01 20:55:00,29.069792100000004,1.0559790996149596
2017-01-01 21:00:00,30.15118325,0.41786794614806766
2017-01-01 21:05:00,29.61451893,0.34466503166022217
2017-01-01 21:10:00,30.30156951,0.07981693085316889
2017-01-01 21:15:00,29.19861689,0.7570333247753811
2017-01-01 21:20:00,29.66676926,0.361172137459347
2017-01-01 21:25:00,28.41677064,0.7384485950281237
2017-01-01 21:30:00,27.5669097,0.6926573551180141
2017-01-01 21:35:00,26.34309767,0.2885466099771822
2017-01-01 21:40:00,27.39755924,1.2347860889806088
2017-01-01 21:45:00,25.10680835,5.393988225933147
2017-01-01 21:50:00,24.46545065,0.2722832302109262
2017-01-01 21:55:00,24.98528889,0.3204221463561267
2017-01-01 22:00:00,25.93262029,0.3861606223679311
2017-01-01 22:05:00,24.91582856,0.8451849203238099
2017-01-01 22:10:00,25.51880093,0.11255762770878507
2017-01-01 22:15:00,25.64951744,0.0032758830198936213
2017-01-01 22:20:00,25.57390328,0.0005932027755447733
2017-01-01 22:25:00,24.34419787,0.7235838953477435
2017-01-01 22:30:00,23.26872671,1.459292230253102
2017-01-01 22:35:00,23.38343995,0.2215690514253207
2017-01-01 22:40:00,24.35641642,1.0823601733826127
2017-01-01 22:45:00,24.38870609,0.0006555081788211259
2017-01-01 22:50:00,23.15500147,1.1414116717981426
2017-01-01 22:55:00,24.18039787,0.9731783819536245
2017-01-01 23:00:00,23.65896642,0.10317611777829767
2017-01-01 23:05:00,23.34552883,0.04271030251839208
2017-01-01 23:10:00,22.94464898,0.1052458568231256
2017-01-01 23:15:00,21.0469487,2.7292087755202306
2017-01-01 23:20:00,21.67997409,0.6036970385390292
2017-01-01 23:25:00,21.07354025,0.324369008491853
2017-01-01 23:30:00,21.13407786,1e-10
2017-01-01 23:35:00,20.37929879,2.512174873307168e-05
2017-01-01 23:40:00,19.86824392,0.07479337535140664
2017-01-01 23:45:00,19.31079889,0.3032228024804275
2017-01-01 23:50:00,19.40926296,0.005976263087912237
2017-01-01 23:55:00,19.73579862,0.055819562290940185
2017-01-02 00:00:00,19.44700432,0.0076004317405983955
2017-01-02 00:05:00,18.67079383,0.3844703913071265
2017-01-02 00:10:00,19.39546822,0.18502016685814038
2017-01-02 00:15:00,19.11828604,6.291657443647224e-05
2017-01-02 00:20:00,19.10993222,0.0032202453524120952
2017-01-02 00:25:00,20.11509899,0.6993569636194406
2017-01-02 00:30:00,20.08255724,0.007565289671246585
2017-01-02 00:35:00,20.2208381,0.008943511770791451
2017-01-02 00:40:00,21.93223873,2.5949330471793823
2017-01-02 00:45:00,20.28453916,2.8541281125166322
2017-01-02 00:50:00,20.51470149,0.1128284231569941
2017-01-02 00:55:00,20.62527426,0.003766760991492856
2017-01-02 01:00:00,21.42496708,0.3886094747249612
2017-01-02 01:05:00,21.52435623,0.03610922754360937
2017-01-02 01:10:00,23.53906492,3.1382456934377827
2017-01-02 01:15:00,23.61411989,0.002494669440433259
2017-01-02 01:20:00,22.468673100000004,1.5995801242683765
2017-01-02 01:25:00,22.2713672,0.013558828959684044
2017-01-02 01:30:00,22.8910918,0.17405149704559042
2017-01-02 01:35:00,21.49459001,1.2536324688550657
2017-01-02 01:40:00,20.5234865,0.7942780561193349
2017-01-02 01:45:00,20.14423768,0.2902392563191474
2017-01-02 01:50:00,17.80043413,3.806832489955527
2017-01-02 01:55:00,17.82537516,0.01872183706159302
2017-01-02 02:00:00,19.06554894,1.2621159173648004
2017-01-02 02:05:00,20.14347653,0.8549820769930369
2017-01-02 02:10:00,18.21193119,3.735313373639393
2017-01-02 02:15:00,18.11702255,0.09993015044600244
2017-01-02 02:20:00,17.57114911,0.2274088954621865
2017-01-02 02:25:00,18.75044242,1.4678822336872372
2017-01-02 02:30:00,18.75491255,0.00710357459862898
2017-01-02 02:35:00,20.15549543,1.6430038150671988
2017-01-02 02:40:00,19.3411018,0.61293278450337
2017-01-02 02:45:00,20.53140267,1.617095487245074
2017-01-02 02:50:00,20.02375188,0.015108125837784871
2017-01-02 02:55:00,20.55948969,0.2211940180700261
2017-01-02 03:00:00,19.92054631,0.3162174582538782
2017-01-02 03:05:00,18.23171903,2.6134913811941862
2017-01-02 03:10:00,18.28392988,0.00993178066940375
2017-01-02 03:15:00,19.23062679,0.4895757463810765
2017-01-02 03:20:00,18.78849026,9.485954500538468e-06
2017-01-02 03:25:00,18.98863384,2.1276792305573713e-05
2017-01-02 03:30:00,20.73685076,1.603447118320715
2017-01-02 03:35:00,21.56884176,0.2871529745942756
2017-01-02 03:40:00,21.4491775,0.013765849235978822
2017-01-02 03:45:00,22.23323739,0.08073922263725174
2017-01-02 03:50:00,22.46270231,0.00012367408618578452
2017-01-02 03:55:00,22.27220955,0.0005724094735478297
2017-01-02 04:00:00,23.05181433,0.47248992900386044
2017-01-02 04:05:00,23.62871928,0.03438786643261183
2017-01-02 04:10:00,23.23838751,0.0006662084759920871
2017-01-02 04:15:00,24.90263288,2.6796034756928946
2017-01-02 04:20:00,25.19565706,0.007209342855858692
2017-01-02 04:25:00,24.19793001,0.8219962486912062
2017-01-02 04:30:00,23.37294036,0.3211627124915646
2017-01-02 04:35:00,24.31463363,0.14832077135675345
2017-01-02 04:40:00,25.13063086,0.20334399961328758
2017-01-02 04:45:00,25.52065469,0.00958736148450081
2017-01-02 04:50:00,24.54130403,0.9281294122279812
2017-01-02 04:55:00,23.21485738,1.2428917770081513
2017-01-02 05:00:00,21.98165018,1.4111730482574343
2017-01-02 05:05:00,22.0455088,0.004597294707205996
2017-01-02 05:10:00,21.43388432,0.10038446821438933
2017-01-02 05:15:00,22.76525574,1.9471969772970885
2017-01-02 05:20:00,23.47262377,0.07164476638780985
2017-01-02 05:25:00,24.13621668,0.1395302223395788
2017-01-02 05:30:00,24.2719775,0.0004315766061694658
2017-01-02 05:35:00,25.7993478,2.075542739114999
2017-01-02 05:40:00,25.02335733,0.2724564507385615
2017-01-02 05:45:00,24.03161625,1.0250582416898328
2017-01-02 05:50:00,25.51562671,1.4118959491472545
2017-01-02 05:55:00,26.99938554,2.6461816264954017
2017-01-02 06:00:00,27.63163527,0.7292326414663807
2017-01-02 06:05:00,27.8195395,1.8757112727043327e-05
2017-01-02 06:10:00,27.27493281,0.2611228705625027
2017-01-02 06:15:00,27.06041888,0.00028648358746519354
2017-01-02 06:20:00,27.20661083,0.002544515637102807
2017-01-02 06:25:00,28.92153794,1.5970214562274796
2017-01-02 06:30:00,28.72504311,0.02318183944435267
2017-01-02 06:35:00,30.36775499,1.630298657328582
2017-01-02 06:40:00,30.48880438,0.005081826080957446
2017-01-02 06:45:00,32.91434749,4.3066337895001
2017-01-02 06:50:00,32.91254943,0.00013811491594111926
2017-01-02 06:55:00,33.32082959,0.0006117600944049593
2017-01-02 07:00:00,33.49107465,0.001096867621274462
2017-01-02 07:05:00,33.77560038,0.0006100596044238046
2017-01-02 07:10:00,31.4245425,3.5786047099979466
2017-01-02 07:15:00,31.51984653,1.6708119204887728e-05
2017-01-02 07:20:00,32.00700999,0.0322261947451084
2017-01-02 07:25:00,30.69121198,1.383146349612434
2017-01-02 07:30:00,29.95400968,0.09831805837934662
2017-01-02 07:35:00,33.03640798,8.000921265868374
2017-01-02 07:40:00,34.06204467,0.31508024587842753
2017-01-02 07:45:00,34.88340068,0.30873976893711697
2017-01-02 07:50:00,35.77538492,5.297518782238993e-05
2017-01-02 07:55:00,37.27854332,0.5832229759688182
2017-01-02 08:00:00,36.84459334,0.000560210328973146
2017-01-02 08:05:00,37.01611588,0.04492057481345624
2017-01-02 08:10:00,36.46621048,0.2536981284004815
2017-01-02 08:15:00,36.07080855,0.0002146148000926404
2017-01-02 08:20:00,37.35975048,2.8588414674124865
2017-01-02 08:25:00,36.50670645,0.695990806828476
2017-01-02 08:30:00,36.55615543,0.02260499657086246
2017-01-02 08:35:00,35.55731176,0.5800082750220588
2017-01-02 08:40:00,34.04008722,1.5818449359978726
2017-01-02 08:45:00,33.0706598,0.878800607340096
2017-01-02 08:50:00,32.63186286,0.1718875438241034
2017-01-02 08:55:00,31.57339332,0.4171246714946502
2017-01-02 09:00:00,31.19890477,0.018423516570718643
2017-01-02 09:05:00,31.66068943,0.00028790023118806663
2017-01-02 09:10:00,32.08437614,0.0659036033940133
2017-01-02 09:15:00,32.67961646,0.9515630401082852
2017-01-02 09:20:00,32.99290591,8.256990571673051e-06
2017-01-02 09:25:00,33.96071448,0.4549124088196711
2017-01-02 09:30:00,33.11594829,0.3491132416042151
2017-01-02 09:35:00,34.94909523,3.6592876983680833
2017-01-02 09:40:00,36.34342721,1.5535062818854686
2017-01-02 09:45:00,35.98362228,0.0012252298679621082
2017-01-02 09:50:00,35.44593389,0.15135500671676047
2017-01-02 09:55:00,34.27574807,1.2883506275442609
2017-01-02 10:00:00,33.07826928,0.3945757571260445
2017-01-02 10:05:00,35.53829161,7.867971173961642
2017-01-02 10:10:00,36.57177129,0.3277511260033279
2017-01-02 10:15:00,36.04708188,0.08607878566594385
2017-01-02 10:20:00,35.41366324,0.6307803527693396
2017-01-02 10:25:00,35.64621257,0.006170074347708651
2017-01-02 10:30:00,35.57390952,2.7929913342267797e-05
2017-01-02 10:35:00,34.95503557,0.11894461694551489
2017-01-02 10:40:00,35.05156447,0.00011765095610546756
2017-01-02 10:45:00,36.13798551,0.722610198940261
2017-01-02 10:50:00,37.55520376,1.6332182815967569
2017-01-02 10:55:00,36.21659411,1.8998102671095616
2017-01-02 11:00:00,35.76014489,0.06969557016461415
2017-01-02 11:05:00,36.59348587,0.6167884872200233
2017-01-02 11:10:00,36.32183534,0.08910825334877787
2017-01-02 11:15:00,36.38870478,1.7600225418656276e-05
2017-01-02 11:20:00,35.91423109,0.12694651894285477
2017-01-02 11:25:00,36.03784173,0.00014563848353337696
2017-01-02 11:30:00,35.65650558,0.032593995177345125
2017-01-02 11:35:00,34.67736769,1.2419970476961115
2017-01-02 11:40:00,31.89377489,7.049743095891726
2017-01-02 11:45:00,29.98174977,1.367095520846728
2017-01-02 11:50:00,28.92452727,0.5686686907134703
2017-01-02 11:55:00,28.39146919,0.28015845428446373
2017-01-02 12:00:00,30.348279,3.9556698430659196
2017-01-02 12:05:00,30.93995645,0.44597468802316587
2017-01-02 12:10:00,31.1499793,0.00012019893064859342
2017-01-02 12:15:00,31.98032077,0.1393920404719873
2017-01-02 12:20:00,30.87290838,1.214320289348782
2017-01-02 12:25:00,29.97771812,0.046467131895487984
2017-01-02 12:30:00,29.62326157,0.04328438224788675
2017-01-02 12:35:00,29.26651501,0.009393698095360146
2017-01-02 12:40:00,27.437336600000005,2.297480559518923
2017-01-02 12:45:00,26.6578178,0.011165149455219316
2017-01-02 12:50:00,26.00656655,0.015233582698057779
2017-01-02 12:55:00,25.75860353,7.516478680719915e-05
2017-01-02 13:00:00,24.85536593,0.133145905929434
2017-01-02 13:05:00,25.67981181,0.13146839773401062
2017-01-02 13:10:00,25.0942253,0.1352202693045148
2017-01-02 13:15:00,25.47162468,0.010620605231967265
2017-01-02 13:20:00,25.86085232,0.0021179974674213156
2017-01-02 13:25:00,25.18714872,0.42502373218875567
2017-01-02 13:30:00,24.140642,0.09963106598165622
2017-01-02 13:35:00,24.61520316,0.07919004151783256
2017-01-02 13:40:00,25.54641668,0.8768554307205059
2017-01-02 13:45:00,24.01871338,0.9025612740006556
2017-01-02 13:50:00,23.36804789,0.03808818495025061
2017-01-02 13:55:00,22.80646004,0.000985275219323129
2017-01-02 14:00:00,23.00246385,2.6245160801620835e-06
2017-01-02 14:05:00,24.4001447,1.5250344078868179
2017-01-02 14:10:00,25.43941651,0.576878112900601
2017-01-02 14:15:00,23.96102671,1.7600859852443687
2017-01-02 14:20:00,24.37599696,0.0016471227645700774
2017-01-02 14:25:00,24.07949357,0.05254918083914467
2017-01-02 14:30:00,22.64681187,0.8561688821295063
2017-01-02 14:35:00,22.29281849,4.766169363805546e-05
2017-01-02 14:40:00,22.16350206,0.0002327359722502409
2017-01-02 14:45:00,23.06994055,0.6487313355712978
2017-01-02 14:50:00,23.37387621,0.0006010172597013831
2017-01-02 14:55:00,23.37750114,0.002055709057832834
2017-01-02 15:00:00,22.79747185,0.023259218228307253
2017-01-02 15:05:00,24.58038028,2.0656107962910406
2017-01-02 15:10:00,25.04726731,0.0018898275317737207
2017-01-02 15:15:00,26.813024,2.720299500775147
2017-01-02 15:20:00,27.35528824,0.14664109858813226
2017-01-02 15:25:00,28.35706651,0.5090889310825761
2017-01-02 15:30:00,29.23830517,0.4740849291674913
2017-01-02 15:35:00,30.11270968,0.600585990398131
2017-01-02 15:40:00,30.17817786,0.001276311299646635
2017-01-02 15:45:00,30.59111071,0.27865255522970417
2017-01-02 15:50:00,31.14699471,0.05319145323553075
2017-01-02 15:55:00,30.33134018,0.9331311021708666
2017-01-02 16:00:00,31.98983698,2.632700182013399
2017-01-02 16:05:00,31.28119626,0.3861327299134342
2017-01-02 16:10:00,30.05471152,1.4025345700142937
2017-01-02 16:15:00,29.34364673,0.5291926982642049
2017-01-02 16:20:00,28.60434045,0.5201163834261362
2017-01-02 16:25:00,27.45139959,0.9735685749779425
2017-01-02 16:30:00,27.45492118,0.0015765585246363281
2017-01-02 16:35:00,27.66432769,0.001045528087921544
2017-01-02 16:40:00,28.07068693,0.03556582658412042
2017-01-02 16:45:00,29.80893516,2.474377761847514
2017-01-02 16:50:00,30.03814178,0.00011751539769858038
2017-01-02 16:55:00,31.67980576,1.8348698974060513
2017-01-02 17:00:00,31.27633526,0.19281361896137178
2017-01-02 17:05:00,31.30938622,5.0320197831679056e-08
2017-01-02 17:10:00,30.41448128,0.44658425601504936
2017-01-02 17:15:00,28.16440698,3.5024522789693364
2017-01-02 17:20:00,27.4052591,0.042272759845936314
2017-01-02 17:25:00,26.61171626,0.1444019690577112
2017-01-02 17:30:00,26.81513301,0.18319867035949133
2017-01-02 17:35:00,26.33452087,0.04980545481745527
2017-01-02 17:40:00,25.91506844,0.06329839452471636
2017-01-02 17:45:00,26.33039242,0.11434754076630149
2017-01-02 17:50:00,24.60007631,3.7494710310536576
2017-01-02 17:55:00,23.18486141,1.4935677799078915
2017-01-02 18:00:00,23.08248634,0.00040357723084292156
2017-01-02 18:05:00,22.02594698,0.8675231133972956
2017-01-02 18:10:00,22.5435843,0.30855091430538223
2017-01-02 18:15:00,23.45658546,0.6863413045533278
2017-01-02 18:20:00,22.7737064,0.09383554253447311
2017-01-02 18:25:00,21.92053087,0.03087073822887997
2017-01-02 18:30:00,21.54558819,0.006046895413684679
2017-01-02 18:35:00,21.91993542,0.02872401457195554
2017-01-02 18:40:00,22.38652682,0.30309992473347297
2017-01-02 18:45:00,20.65014373,2.298420354848204
2017-01-02 18:50:00,22.0052993,1.3199046061898592
2017-01-02 18:55:00,23.72732974,1.8621028382491864
2017-01-02 19:00:00,24.51816637,0.5578436998092561
2017-01-02 19:05:00,23.71736828,0.32728840676258725
2017-01-02 19:10:00,23.28809597,0.14530418642095244
2017-01-02 19:15:00,22.1878075,0.5971280576972688
2017-01-02 19:20:00,23.59579514,1.8642144357306927
2017-01-02 19:25:00,23.48242333,0.00017140641961087223
2017-01-02 19:30:00,24.62784698,0.6277415190690139
2017-01-02 19:35:00,25.8150873,1.1234510997388372
2017-01-02 19:40:00,25.12763571,0.7120969297104094
2017-01-02 19:45:00,25.63456476,0.003625843073931172
2017-01-02 19:50:00,24.998706100000003,0.14410312548957754
2017-01-02 19:55:00,24.77973245,0.000248109690430598
2017-01-02 20:00:00,23.83478851,1.1948256460134568
2017-01-02 20:05:00,24.29058757,0.00010518968982687338
2017-01-02 20:10:00,22.13538808,4.135287627130227
2017-01-02 20:15:00,22.47105934,0.4130226426593048
2017-01-02 20:20:00,22.64993294,0.00277904024738499
2017-01-02 20:25:00,22.46615835,0.056676176019825435
2017-01-02 20:30:00,23.39094218,0.7929187245337701
2017-01-02 20:35:00,22.52330568,0.6141073740764083
2017-01-02 20:40:00,21.63136306,0.9118838434117257
2017-01-02 20:45:00,21.99948137,0.05875318099300595
2017-01-02 20:50:00,22.29558841,0.021850968621459414
2017-01-02 20:55:00,24.67667301,5.431728809433515
2017-01-02 21:00:00,23.56617158,1.0274830986965546
2017-01-02 21:05:00,24.62148599,0.9163091828694159
2017-01-02 21:10:00,24.54281869,0.0004917115651249995
2017-01-02 21:15:00,25.96519812,2.08252245614219
2017-01-02 21:20:00,26.33222847,0.17774329153127552
2017-01-02 21:25:00,26.30963865,0.002390669359148756
2017-01-02 21:30:00,27.54295589,1.1714905551431527
2017-01-02 21:35:00,28.23643060000001,0.024351462421349637
2017-01-02 21:40:00,28.65116259,0.07483677369204425
2017-01-02 21:45:00,26.50441778,4.479211777716971
2017-01-02 21:50:00,26.90471136,0.17595030861140698
2017-01-02 21:55:00,26.16028402,0.5269741366901518
2017-01-02 22:00:00,26.03724461,4.144584442278157e-06
2017-01-02 22:05:00,24.64508072,1.6386984133624918
2017-01-02 22:10:00,24.68183251,6.406589286012841e-06
2017-01-02 22:15:00,24.54350281,0.004036713562686717
2017-01-02 22:20:00,25.64635262,0.28105615209945073
2017-01-02 22:25:00,25.7281866,0.0004385030164338348
2017-01-02 22:30:00,25.00867635,0.40254891353255173
2017-01-02 22:35:00,24.6768929,0.010832404340536178
2017-01-02 22:40:00,24.9011437,0.00011625184978728311
2017-01-02 22:45:00,24.99717429,0.001679799725102385
2017-01-02 22:50:00,27.11903644,5.433831347393309
2017-01-02 22:55:00,28.36535476,1.3130385078438658
2017-01-02 23:00:00,27.10027088,1.4712895634017784
2017-01-02 23:05:00,26.38947687,0.6041198743837344
2017-01-02 23:10:00,25.27591054,0.5870167529060069
2017-01-02 23:15:00,24.847399,0.00026061438230203003
2017-01-02 23:20:00,25.44237334,0.47304523882479466
2017-01-02 23:25:00,25.10575960000001,0.07341939326821355
2017-01-02 23:30:00,26.40567577,1.0873887069347696
2017-01-02 23:35:00,26.16750162,0.00010677564332513677
2017-01-02 23:40:00,28.21554503,2.8906684900681294
2017-01-02 23:45:00,27.827001,0.13110523022466797
2017-01-02 23:50:00,26.7443262,1.3188319022252153
2017-01-02 23:55:00,26.72250874,1.4539719993700844e-07
2017-01-03 00:00:00,26.74809321,1e-10
2017-01-03 00:05:00,25.75541719,0.4957671086088189
2017-01-03 00:10:00,26.7129392,0.9345758754758098
2017-01-03 00:15:00,26.12602387,0.3129980293898624
2017-01-03 00:20:00,26.98758949,0.6605794141582348
2017-01-03 00:25:00,26.54392663,0.2668146497947819
2017-01-03 00:30:00,27.41295786,0.7059000645954369
2017-01-03 00:35:00,28.3779446,0.8807067580802924
2017-01-03 00:40:00,27.75648153,0.5887464104926583
2017-01-03 00:45:00,28.3687699,0.14843152289764547
2017-01-03 00:50:00,29.04258519,0.20658901406938937
2017-01-03 00:55:00,28.16809066,0.3664355892461637
2017-01-03 01:00:00,26.85727932,0.9840993387782879
2017-01-03 01:05:00,28.51570902,2.690256405968483
2017-01-03 01:10:00,28.16737736,0.05988502465953272
2017-01-03 01:15:00,28.41736691,0.1973267868802317
2017-01-03 01:20:00,27.4425451,0.8529032974671547
2017-01-03 01:25:00,26.84990053,0.3663143393782528
2017-01-03 01:30:00,26.78133767,0.0002236924554006633
2017-01-03 01:35:00,27.2642021,0.2893939786212677
2017-01-03 01:40:00,27.88765448,0.13081400243070404
2017-01-03 01:45:00,28.6093501,0.25159036483177627
2017-01-03 01:50:00,28.48047505,5.694580799831521e-05
2017-01-03 01:55:00,27.76307524,0.7297297942346728
2017-01-03 02:00:00,29.04221033,1.6275702964537297
2017-01-03 02:05:00,28.5922872,0.06604853566184325
2017-01-03 02:10:00,29.25368044,0.5769621535629751
2017-01-03 02:15:00,29.7816553,0.059862425537954435
2017-01-03 02:20:00,29.54853425,0.08074624066912071
2017-01-03 02:25:00,26.78753884,5.987493875830124
2017-01-03 02:30:00,26.05580198,0.12780352618244228
2017-01-03 02:35:00,26.91494636,0.5046985692659446
2017-01-03 02:40:00,26.50019533,0.013096163890641267
2017-01-03 02:45:00,28.72614288,5.292257141097927
2017-01-03 02:50:00,30.08844908,0.800831496916552
2017-01-03 02:55:00,30.74801255,0.040484321544771544
2017-01-03 03:00:00,30.69269155,1.7220503681173254e-05
2017-01-03 03:05:00,31.44567323,0.0877743124741542
2017-01-03 03:10:00,31.8289815,0.11574622636818721
2017-01-03 03:15:00,30.9496744,0.2684303893215965
2017-01-03 03:20:00,30.50278116,0.11231238486051658
2017-01-03 03:25:00,30.41240765,0.0006901351579443178
2017-01-03 03:30:00,30.08818482,1.930118364022053e-09
2017-01-03 03:35:00,30.40872301,0.362591741484857
2017-01-03 03:40:00,29.86645574,0.2804183097280159
2017-01-03 03:45:00,29.28208858,0.2003763460702978
2017-01-03 03:50:00,30.15079367,0.3932056701602767
2017-01-03 03:55:00,30.19600765,2.7480129886036223e-05
2017-01-03 04:00:00,27.41234825,8.010206483378926
2017-01-03 04:05:00,27.50936497,2.7199955655081116e-05
2017-01-03 04:10:00,28.73642984,1.6105401060494877
2017-01-03 04:15:00,26.70231776,3.0712980239226066
2017-01-03 04:20:00,25.60527449,0.7253013591368569
2017-01-03 04:25:00,24.4652694,0.9251470903841437
2017-01-03 04:30:00,27.07346254,8.106349358003015
2017-01-03 04:35:00,26.43605176,0.3281171378269297
2017-01-03 04:40:00,25.93395777,0.2887240596794576
2017-01-03 04:45:00,25.96310089,0.00011912079483655168
2017-01-03 04:50:00,24.52369106,1.4243961552489786
2017-01-03 04:55:00,24.29161328,0.014390784047573667
2017-01-03 05:00:00,24.97486812,0.2343547465002374
2017-01-03 05:05:00,23.36281362,0.9898206417652906
2017-01-03 05:10:00,21.74367538,0.9503755527127029
2017-01-03 05:15:00,21.52388778,0.003385271163483227
2017-01-03 05:20:00,22.07117377,0.050705633098094643
2017-01-03 05:25:00,22.7673553,1.0946126850456341
2017-01-03 05:30:00,23.37584898,0.5149210257835545
2017-01-03 05:35:00,23.68767894,0.001255268289157345
2017-01-03 05:40:00,24.64871759,0.07094976776993116
2017-01-03 05:45:00,23.61087943,0.5647245970726664
2017-01-03 05:50:00,24.61685127,1.2004874122905238
2017-01-03 05:55:00,24.57585457,1e-10
2017-01-03 06:00:00,24.46349209,0.002615554908402041
2017-01-03 06:05:00,24.96402965,0.30711888367005047
2017-01-03 06:10:00,24.83099844,4.9027713822499526e-05
2017-01-03 06:15:00,24.84644429,0.018001766956072095
2017-01-03 06:20:00,26.33110137,1.9867841863955884
2017-01-03 06:25:00,26.80588127,0.07186053020267107
2017-01-03 06:30:00,27.65046059,0.0271581741708822
2017-01-03 06:35:00,28.11393808,0.19100465965477723
2017-01-03 06:40:00,29.40318123,1.3605788139999702
2017-01-03 06:45:00,29.75486282,0.00023047283457644169
2017-01-03 06:50:00,30.24567656,0.054918350886424966
2017-01-03 06:55:00,30.12727716,2.715548765830697e-06
2017-01-03 07:00:00,29.73883065,0.051239799383649004
2017-01-03 07:05:00,28.30970315,1.7196024107634869
2017-01-03 07:10:00,29.21967922,0.652387571548775
2017-01-03 07:15:00,30.70000466,2.1492031921806554
2017-01-03 07:20:00,30.79857564,1.902235995408243e-07
2017-01-03 07:25:00,28.82571212,4.2937366435289945
2017-01-03 07:30:00,28.96137432,6.2405989539160745e-06
2017-01-03 07:35:00,29.22180365,0.009166006162652006
2017-01-03 07:40:00,28.32547683,0.48679913100321875
2017-01-03 07:45:00,26.97694066,1.4257066100874451
2017-01-03 07:50:00,26.94230187,0.03389103987088114
2017-01-03 07:55:00,26.62524537,0.0013502849426411838
2017-01-03 08:00:00,28.13283895,2.5706670527619204
2017-01-03 08:05:00,27.09374361,1.0324235037595433
2017-01-03 08:10:00,26.78561486,0.032359476217622606
2017-01-03 08:15:00,26.05594838,0.2338969505370734
2017-01-03 08:20:00,24.67184672,1.9867662673603037
2017-01-03 08:25:00,24.25578018,0.0888321287341096
2017-01-03 08:30:00,23.50716231,0.1814550347402078
2017-01-03 08:35:00,23.96362329,0.6048306634688904
2017-01-03 08:40:00,22.39070268,2.6290604994991447
2017-01-03 08:45:00,24.00790189,2.259611285541053
2017-01-03 08:50:00,22.78167245,0.7316068014530083
2017-01-03 08:55:00,20.25249968,3.913556878386715
2017-01-03 09:00:00,20.55842228,0.026176983994428648
2017-01-03 09:05:00,19.29930124,1.7457136435126273
2017-01-03 09:10:00,20.35858129,1.8904609025002177
2017-01-03 09:15:00,19.80692518,0.019265086962286314
2017-01-03 09:20:00,19.96871005,0.00031083220305531977
2017-01-03 09:25:00,20.13704989,6.588113978342449e-06
2017-01-03 09:30:00,19.00955939,0.49209561960052073
2017-01-03 09:35:00,18.996741600000004,0.00012191331890693085
2017-01-03 09:40:00,17.39317809,0.9934926571956947
2017-01-03 09:45:00,16.65824657,0.030962055110078587
2017-01-03 09:50:00,17.01997683,0.0020967354520359392
2017-01-03 09:55:00,14.594852599999998,4.505715985477626
2017-01-03 10:00:00,15.80924632,1.1392390612845125
2017-01-03 10:05:00,15.40204421,0.00040254148634955847
2017-01-03 10:10:00,15.66289372,0.009484607906437409
2017-01-03 10:15:00,17.04431143,0.9789028411448268
2017-01-03 10:20:00,16.55589021,0.13171208732660108
2017-01-03 10:25:00,18.77085641,4.295302071787018
2017-01-03 10:30:00,18.57560211,0.00823855819756137
2017-01-03 10:35:00,18.34503104,0.22813468400150982
2017-01-03 10:40:00,19.02447579,0.6025899431637903
2017-01-03 10:45:00,18.06845608,0.4096703880403197
2017-01-03 10:50:00,19.0043876,0.6936340510230654
2017-01-03 10:55:00,18.97695291,1.4383288702122253e-06
2017-01-03 11:00:00,19.34974093,0.00017161297519051558
2017-01-03 11:05:00,18.99374741,7.686379638215577e-06
2017-01-03 11:10:00,19.84336641,0.217944590113363
2017-01-03 11:15:00,21.73929312,2.9732167371108478
2017-01-03 11:20:00,22.84510149,0.44600162791550574
2017-01-03 11:25:00,23.59272868,0.15163161333208147
2017-01-03 11:30:00,22.88352607,0.8123455709947497
2017-01-03 11:35:00,23.34972805,1.7895766535675612e-05
2017-01-03 11:40:00,22.56437262,0.32640790698795713
2017-01-03 11:45:00,22.04161461,0.10652253710736505
2017-01-03 11:50:00,21.97425383,0.001840617547822159
2017-01-03 11:55:00,22.31015864,0.13728020621064643
2017-01-03 12:00:00,22.2863417,0.0062595653659248355
2017-01-03 12:05:00,21.52316384,0.4357790467325505
2017-01-03 12:10:00,22.51144956,0.7518533126908852
2017-01-03 12:15:00,21.84138588,0.5901629846738147
2017-01-03 12:20:00,20.35675461,1.8769450428044265
2017-01-03 12:25:00,19.29980527,1.6288582019115787
2017-01-03 12:30:00,18.25067908,0.607003220715037
2017-01-03 12:35:00,18.58134821,0.3855014908406105
2017-01-03 12:40:00,18.619222,6.457266474312524e-06
2017-01-03 12:45:00,19.04418203,0.14049253576392046
2017-01-03 12:50:00,19.53402072,0.19765447783152268
2017-01-03 12:55:00,19.87683021,0.20974860264497305
2017-01-03 13:00:00,21.37261852,1.6266575367530713
2017-01-03 13:05:00,18.95570115,5.980491400851934
2017-01-03 13:10:00,17.46301484,1.396218529051646
2017-01-03 13:15:00,16.71357358,0.2966591692694282
2017-01-03 13:20:00,14.7859543,2.6159535752544154
2017-01-03 13:25:00,14.6634943,0.005738605093331673
2017-01-03 13:30:00,14.48862004,5.990310298695672e-05
2017-01-03 13:35:00,14.86657594,0.11546153670018808
2017-01-03 13:40:00,14.45398349,0.009692992026239888
2017-01-03 13:45:00,14.47366374,9.560119050989453e-05
2017-01-03 13:50:00,12.84831672,2.15300333585852
2017-01-03 13:55:00,12.81395608,0.000511642868667228
2017-01-03 14:00:00,14.71774884,2.3224391806275517
2017-01-03 14:05:00,16.19199525,1.332066491523087
2017-01-03 14:10:00,15.812216500000002,0.040748135679726634
2017-01-03 14:15:00,15.45557587,8.596042548805838e-05
2017-01-03 14:20:00,15.28530702,0.00013867885048768417
2017-01-03 14:25:00,17.65327571,5.176420033534538
2017-01-03 14:30:00,17.647595300000006,1.0864392662171166e-05
2017-01-03 14:35:00,16.48931092,1.016471542912001
2017-01-03 14:40:00,14.76544175,2.249150529134091
2017-01-03 14:45:00,14.98526529,2.6108681828599636e-06
2017-01-03 14:50:00,15.96136087,0.9256645628316504
2017-01-03 14:55:00,15.74675361,0.0003914429826306887
2017-01-03 15:00:00,16.05414827,0.003972899606758065
2017-01-03 15:05:00,16.38324094,4.033855402122423e-05
2017-01-03 15:10:00,16.54907499,0.0004620582716436832
2017-01-03 15:15:00,16.78600106,8.783065457382977e-08
2017-01-03 15:20:00,15.80432349,0.6779436960738231
2017-01-03 15:25:00,16.2285432,0.12407885286113784
2017-01-03 15:30:00,17.21290342,0.2808436691899356
2017-01-03 15:35:00,15.39417592,4.267152460405845
2017-01-03 15:40:00,14.83359132,0.0007180450331778699
2017-01-03 15:45:00,13.89123775,0.2787891004985797
2017-01-03 15:50:00,11.28028389,5.488365122873098
2017-01-03 15:55:00,12.46598854,1.0816701552874861
2017-01-03 16:00:00,13.49560573,0.6486258425789098
2017-01-03 16:05:00,14.64668079,1.9414570765594774
2017-01-03 16:10:00,12.63269084,4.040969462330339
2017-01-03 16:15:00,14.27594542,1.1844752484848198
2017-01-03 16:20:00,17.13058608,6.177295688657672
2017-01-03 16:25:00,16.5247191,0.022911146473026563
2017-01-03 16:30:00,16.37335241,0.0002674737642594266
2017-01-03 16:35:00,16.47521857,0.03338626778290036
2017-01-03 16:40:00,15.31161111,0.7951606461305017
2017-01-03 16:45:00,14.061540300000004,0.40257223134238346
2017-01-03 16:50:00,13.92348051,5.793535711139055e-05
2017-01-03 16:55:00,12.83701448,0.35195018171929177
2017-01-03 17:00:00,14.34217788,2.378003316297589
2017-01-03 17:05:00,15.66751931,0.8425470811121635
2017-01-03 17:10:00,16.08868185,0.00047923902386665205
2017-01-03 17:15:00,16.59687983,0.08348113875055901
2017-01-03 17:20:00,16.72291304,8.14500306459037e-06
2017-01-03 17:25:00,16.92948273,0.01567311232537856
2017-01-03 17:30:00,17.28609902,0.0002288330467172482
2017-01-03 17:35:00,16.22009887,0.3974092297612557
2017-01-03 17:40:00,16.72486864,0.719487876358299
2017-01-03 17:45:00,17.50521411,0.33213622018622435
2017-01-03 17:50:00,17.29409889,0.0811200930976311
2017-01-03 17:55:00,18.58316839,1.8488613938335627
2017-01-03 18:00:00,18.26335442,0.006646398221909926
2017-01-03 18:05:00,18.74487947,0.0009791851208945804
2017-01-03 18:10:00,18.17216714,0.34468452935720917
2017-01-03 18:15:00,18.86562484,0.33592236035743855
2017-01-03 18:20:00,20.04882498,0.8097934475109688
2017-01-03 18:25:00,20.12491222,0.00010079970464401728
2017-01-03 18:30:00,19.84081202,0.08344486855084961
2017-01-03 18:35:00,18.40421265,2.214892562273949
2017-01-03 18:40:00,16.62486583,2.1060629277032286
2017-01-03 18:45:00,17.19451583,0.8468806752121385
2017-01-03 18:50:00,18.39595547,0.9328770351943203
2017-01-03 18:55:00,17.59685628,0.5641876479787948
2017-01-03 19:00:00,17.04938296,0.15058214609306794
2017-01-03 19:05:00,15.90809884,1.7243922621652423
2017-01-03 19:10:00,15.45181379,0.14082910293593356
2017-01-03 19:15:00,17.01466467,2.6298226021683324
2017-01-03 19:20:00,17.38583004,0.09770505509865388
2017-01-03 19:25:00,18.13270278,0.3697209911196491
2017-01-03 19:30:00,17.12375877,1.3252952946375243
2017-01-03 19:35:00,19.09632761,3.3732817077598605
2017-01-03 19:40:00,17.58718449,1.6430782309117704
2017-01-03 19:45:00,17.30468785,1.0214977788685258e-06
2017-01-03 19:50:00,17.38537738,0.009402257081525478
2017-01-03 19:55:00,15.64396378,3.2561478173766796
2017-01-03 20:00:00,14.48684682,0.5727427096822094
2017-01-03 20:05:00,13.54698082,0.7663507075402953
2017-01-03 20:10:00,11.92808806,1.5196076931218687
2017-01-03 20:15:00,11.37542078,0.0005213618047798898
2017-01-03 20:20:00,11.41678278,0.0022212540223794986
2017-01-03 20:25:00,10.31273513,0.8715019019251987
2017-01-03 20:30:00,11.17996441,0.8750096732340292
2017-01-03 20:35:00,10.44713729,0.6121093121849119
2017-01-03 20:40:00,10.32972998,0.0003941543358249994
2017-01-03 20:45:00,9.880081009,0.00010768250603766708
2017-01-03 20:50:00,10.23757285,0.04059006742962322
2017-01-03 20:55:00,10.48745691,0.16794909377425304
2017-01-03 21:00:00,9.231711425,0.7699155173018873
2017-01-03 21:05:00,10.75306376,1.81002370756653
2017-01-03 21:10:00,12.18088568,1.5495068589877166
2017-01-03 21:15:00,12.20205036,9.354233580912002e-08
2017-01-03 21:20:00,14.04329273,2.4827667635030206
2017-01-03 21:25:00,14.3616644,3.4933490001533095e-05
2017-01-03 21:30:00,13.96379142,0.0006105496092362619
2017-01-03 21:35:00,13.99448756,0.00015280974375117033
2017-01-03 21:40:00,14.82232461,0.29819183320397724
2017-01-03 21:45:00,14.59889214,4.631118946507337e-05
2017-01-03 21:50:00,14.98085642,0.046905025460162585
2017-01-03 21:55:00,12.78357025,4.908298046973843
2017-01-03 22:00:00,13.69833843,0.6580514478913653
2017-01-03 22:05:00,14.08953651,0.2279132143855631
2017-01-03 22:10:00,13.20293843,0.9622465814872643
2017-01-03 22:15:00,12.49622597,0.5132303143364695
2017-01-03 22:20:00,12.76900966,8.818100106352632e-05
2017-01-03 22:25:00,12.18861238,0.31145038842636946
2017-01-03 22:30:00,11.34556275,0.5632999580025677
2017-01-03 22:35:00,10.24130621,1.1531922436957378
2017-01-03 22:40:00,11.84925272,1.873666343471449
2017-01-03 22:45:00,11.33761907,0.011684488810274278
2017-01-03 22:50:00,12.10968111,0.32323976270763033
2017-01-03 22:55:00,13.29680571,0.7027013551312468
2017-01-03 23:00:00,13.92402844,0.5150669010427202
2017-01-03 23:05:00,15.85313628,3.5734211653940444
2017-01-03 23:10:00,17.30031499,0.64870776511212
2017-01-03 23:15:00,19.13629678,2.973280789502964
2017-01-03 23:20:00,18.19524336,0.5025441325406165
2017-01-03 23:25:00,18.52433636,0.0031868156540833096
2017-01-03 23:30:00,18.81598863,0.0018588028655860051
2017-01-03 23:35:00,18.5246033,2.4159237805062667e-05
2017-01-03 23:40:00,16.23432942,3.3645627144954777
2017-01-03 23:45:00,15.62641478,0.07995838251533306
2017-01-03 23:50:00,16.20514107,0.034880443247724366
2017-01-03 23:55:00,16.82658123,0.23154568969120612
2017-01-04 00:00:00,15.77256066,0.89623359724595
2017-01-04 00:05:00,15.61832048,0.1367633029595526
2017-01-04 00:10:00,16.93445819,0.8900095327461088
2017-01-04 00:15:00,16.88795827,0.02086939686986564
2017-01-04 00:20:00,15.34166154,2.3219962965280017
2017-01-04 00:25:00,15.88429641,0.07786964800317309
2017-01-04 00:30:00,16.61634239,0.6259998445875162
2017-01-04 00:35:00,15.76533022,0.399921969215727
2017-01-04 00:40:00,15.98362656,9.393179122077608e-05
2017-01-04 00:45:00,16.34630025,0.09157742053462328
2017-01-04 00:50:00,14.11599512,2.523000906382869
2017-01-04 00:55:00,14.53840937,0.15677519785301494
2017-01-04 01:00:00,15.40193377,0.24439546997544243
2017-01-04 01:05:00,15.24240773,0.00033377945370299274
2017-01-04 01:10:00,12.78715266,3.4589789022431328
2017-01-04 01:15:00,12.98063274,0.009838119279464161
2017-01-04 01:20:00,14.25331218,1.2022090258486475
2017-01-04 01:25:00,12.02208504,3.3262536421327433
2017-01-04 01:30:00,10.49470588,1.224605835901307
2017-01-04 01:35:00,11.147658300000002,0.19910029319942038
2017-01-04 01:40:00,11.46564051,0.04118643385442166
2017-01-04 01:45:00,9.419826279,2.945032523271625
2017-01-04 01:50:00,10.30239801,0.5205632271036097
2017-01-04 01:55:00,9.549067329,0.23627679477448651
2017-01-04 02:00:00,11.03939665,2.0402320211395986
2017-01-04 02:05:00,11.74656011,0.31770185200261125
2017-01-04 02:10:00,12.8418899,0.20232652201407864
2017-01-04 02:15:00,11.29027232,1.2260864328457406
2017-01-04 02:20:00,11.74007058,0.27424207290420083
2017-01-04 02:25:00,10.75266587,1.0952759054579555
2017-01-04 02:30:00,9.092913356,2.434587144638928
2017-01-04 02:35:00,9.422406592,0.5035881203117312
2017-01-04 02:40:00,9.611333218,0.10756014033438299
2017-01-04 02:45:00,9.993271483,9.848654169775908e-07
2017-01-04 02:50:00,8.950124435,1.2039980345723924
2017-01-04 02:55:00,8.498618685,0.00021798401545608
2017-01-04 03:00:00,7.862706525,0.013867630578800218
2017-01-04 03:05:00,6.783093561,1.5399860394936742
2017-01-04 03:10:00,7.123128084,0.004055621005291986
2017-01-04 03:15:00,7.188172129,0.008031958095385216
2017-01-04 03:20:00,6.848277998,0.020323974308061564
2017-01-04 03:25:00,7.13422513,0.004580100077124559
2017-01-04 03:30:00,6.917790664,0.0007220077609670863
2017-01-04 03:35:00,8.09878294,1.1472006248217244
2017-01-04 03:40:00,7.47545675,0.18718810330654156
2017-01-04 03:45:00,8.108957666,0.3691112718345666
2017-01-04 03:50:00,8.022451504,0.01979588014199854
2017-01-04 03:55:00,7.658946032999999,0.137196641639919
2017-01-04 04:00:00,7.592201033999999,7.699914191113702e-05
2017-01-04 04:05:00,7.184817472000001,0.0056826153021299125
2017-01-04 04:10:00,6.241911882999999,0.8866743051817838
2017-01-04 04:15:00,6.196178501,7.582173849899865e-06
2017-01-04 04:20:00,6.757355596,0.33033468536845645
2017-01-04 04:25:00,6.2245993089999985,0.27157448981440024
2017-01-04 04:30:00,6.856239977,0.3766438768822089
2017-01-04 04:35:00,7.403644641,0.04911442498912005
2017-01-04 04:40:00,7.205751498,0.07689292367824134
2017-01-04 04:45:00,4.665208374,7.129185002129499
2017-01-04 04:50:00,2.902894535,2.0791040116598034
2017-01-04 04:55:00,2.939034508,6.008817127743278e-05
2017-01-04 05:00:00,1.6227053480000002,0.7233856573685993
2017-01-04 05:05:00,1.76647082,0.03010864794858946
2017-01-04 05:10:00,2.893779593,0.7542276659816083
2017-01-04 05:15:00,2.283488002,0.16518943018494278
2017-01-04 05:20:00,0.306703499,2.9324693438145983
2017-01-04 05:25:00,0.326214854,0.012468842072905672
2017-01-04 05:30:00,0.855726496,0.10618204658834278
2017-01-04 05:35:00,-0.448317471,0.6675527514157908
2017-01-04 05:40:00,-0.248202408,0.019878311323993373
2017-01-04 05:45:00,0.289636522,0.019536840255682333
2017-01-04 05:50:00,0.8067109790000001,0.2550901154777365
2017-01-04 05:55:00,0.7934981740000001,0.02666349393161985
2017-01-04 06:00:00,0.265520737,0.12954672909288825
2017-01-04 06:05:00,0.501998852,8.162389610296063e-05
2017-01-04 06:10:00,1.7834086319999998,1.5222504261632799
2017-01-04 06:15:00,2.348805101,0.2805282928207929
2017-01-04 06:20:00,1.282411507,1.5883956982859169
2017-01-04 06:25:00,2.797081472,1.7877970460975336
2017-01-04 06:30:00,0.960939556,2.76267030562262
2017-01-04 06:35:00,-0.20730416,0.6888531001936712
2017-01-04 06:40:00,-1.104917926,0.5891876474069188
2017-01-04 06:45:00,-0.407567317,0.5306982436758191
2017-01-04 06:50:00,-0.919039575,0.015447866029987871
2017-01-04 06:55:00,0.787983751,1.1216490444819966
2017-01-04 07:00:00,-0.159076611,1.743129840073031
2017-01-04 07:05:00,-0.66466844,0.011643930299612625
2017-01-04 07:10:00,-0.598481646,0.0016513609334919265
2017-01-04 07:15:00,-1.771806654,2.3906534940507203
2017-01-04 07:20:00,0.300606417,4.0122701898086826
2017-01-04 07:25:00,0.3687849,4.578303647656382e-05
2017-01-04 07:30:00,0.189614035,0.07095454878899247
2017-01-04 07:35:00,0.360915183,0.00031006324445709987
2017-01-04 07:40:00,0.514146069,0.009832155899614553
2017-01-04 07:45:00,1.3463659119999998,0.7305618281326091
2017-01-04 07:50:00,1.411873793,0.0032266166329443036
2017-01-04 07:55:00,2.172481351,0.20666976020229122
2017-01-04 08:00:00,2.3007307740000003,0.0002807238779519657
2017-01-04 08:05:00,1.1653808959999998,0.9595726917930069
2017-01-04 08:10:00,0.942777558,0.00928365253744639
2017-01-04 08:15:00,0.556344953,0.15585551580250823
2017-01-04 08:20:00,1.022247692,0.5061771192070091
2017-01-04 08:25:00,-0.140657334,1.4414995677364866
2017-01-04 08:30:00,0.823888752,0.5781489237479271
2017-01-04 08:35:00,0.7545301390000001,1e-10
2017-01-04 08:40:00,-0.7778222890000001,2.1202836726178504
2017-01-04 08:45:00,-2.642961041,3.993661211439142
2017-01-04 08:50:00,-1.406272657,0.931373324514685
2017-01-04 08:55:00,-2.306267457,0.531351326513885
2017-01-04 09:00:00,-3.258836043,0.6441651129191428
2017-01-04 09:05:00,-3.634620714,0.08181651944617271
2017-01-04 09:10:00,-3.097321266,0.0111100306549323
2017-01-04 09:15:00,-2.866922233,0.06492535920330017
2017-01-04 09:20:00,-2.555156689,0.0006481934015362965
2017-01-04 09:25:00,-2.38697468,0.00018579900363561874
2017-01-04 09:30:00,-2.339904154,1.06536040471978e-05
2017-01-04 09:35:00,-1.119110711,1.3674754448365176
2017-01-04 09:40:00,-1.458574196,0.21086360076442076
2017-01-04 09:45:00,0.498865101,3.193312388273452
2017-01-04 09:50:00,0.412675006,0.00084154872723037
2017-01-04 09:55:00,0.543553427,0.0012077623397087072
2017-01-04 10:00:00,1.889874794,1.289449849586679
2017-01-04 10:05:00,1.933627197,3.356627704916425e-07
2017-01-04 10:10:00,1.103997488,0.2035920889816575
2017-01-04 10:15:00,0.4992702120000001,0.26070524132740347
2017-01-04 10:20:00,1.5666775380000002,0.3271202261280874
2017-01-04 10:25:00,1.264752423,0.03327945382687878
2017-01-04 10:30:00,0.978018663,0.0004914953551092789
2017-01-04 10:35:00,1.508604349,0.030284459706831596
2017-01-04 10:40:00,1.998343274,0.01760888991927301
2017-01-04 10:45:00,2.282531954,0.02654049696992262
2017-01-04 10:50:00,1.657696364,0.6965007994583703
2017-01-04 10:55:00,2.599181453,0.4140538424491891
2017-01-04 11:00:00,3.12196873,0.30549359402434306
2017-01-04 11:05:00,4.460373352,1.073576292747232
2017-01-04 11:10:00,4.771890336,1.5827556312371264e-07
2017-01-04 11:15:00,4.158075442,0.3995178306479319
